zone,is_error
C3,0.08194444444444444
B2,0.06288343558282208
B1,0.0476878612716763
A1,0.04538799414348463
D1,0.03753753753753754
C2,0.03358778625954199
A2,0.030303030303030304
C1,0.022123893805309734
